{
    "timestamp": "2020-11-08 18:47:22.440885",
    "votes": {
        "real": 148765079,
        "proj": 157653739.69315264,
        "delta": 8888660.693152672
    },
    "mov": 3.5
}